0,B01BTZFU2C
1,B01LSUZ5UU
2,B01LSUYLVE
3,B01LSUZC1C
4,B01LSUZ8KW
5,B01LSUYIT4
6,B01N04X63A
7,B01LSUZMAS
8,B01L34I7LA
9,B00NGOCZ3C
10,B01LSUZDWU
11,B00NGOCJ74
12,B01FFM09AI
13,B01GIK2S2I
14,B01LSUZJBA
15,B01L34I7JW
16,B00NGOCP64
17,B01LSUZHGC
18,B00NGOD752
19,B015A8MVXK
20,B01LTGWN9Y
21,B01LTGXKGE
22,B01LTGYCAC
23,B01LTGX8SO
24,B015COHTZM
25,B01DWEG21G
26,B01LTGX3LG
27,B013WSMY7S
28,B01LSUZ1RW
29,B01LTGYMXE
30,B01LSUZKXC
31,B015A0TEY2
32,B014R5R9K2
33,B00NB1DVII
34,B00NI0AVQW
35,B01LTGY50E
36,B01J7DLMXE
37,B00NI0AX06
38,B00NI0AUPE
39,B015EOE13S
40,B01LTGY0ZY
41,B01N7EQGHJ
42,B00NI0BV48
43,B015EODSL4
44,B015A0T2XU
45,B01KUXKOU2
46,B01LSUYP2Y
47,B01LW3P9DC
48,B015AADU10
49,B01MR9KBAZ
50,B01L9KXU7O
51,B01LTGXMJY
52,B01LSUZ9TC
53,B01LTGYL3K
54,B013XCEWKK
55,B01N0UVD2U
56,B01LSUYE9S
57,B00F8JDBT0
58,B00NI0BOYA
59,B00NI0BL5C
60,B015COHU10
61,B00F8JDBF4
62,B01LHVVBF8
63,B01M5FA894
64,B01MTAVDC7
65,B013XCERSC
66,B01N4PUNS7
67,B01NBU1HBO
68,B01H5KAR5K
69,B01LVXZRG9
70,B06WRNK1DM
71,B01L9KY0I2
72,B015COHVUU
73,B01MR9MNNL
74,B01J7DLIQK
75,B014R5QHEG
76,B01N9VBVN1
77,B01LYSM7H5
78,B015COHQD2
79,B01BWV9A42
80,B00F07WTF2
81,B00NI0BRBK
82,B01M1DS3U2
83,B00NI0BPTE
84,B015COHRM2
85,B00TX5PSBO
86,B00TX5Q5J8
87,B01LTGWR3G
88,B01E0CTM66
89,B01LVZBH5U
90,B01M0AAT4O
91,B017XE0J8I
92,B01N3549RA
93,B01LZMHPGF
94,B01LY5N6QR
95,B00TX5QD3Q
96,B01DVQB8QE
97,B00V0VUYCC
98,B01LVXZVWK
99,B00TX5P2F6
100,B01LZ4AES5
101,B00TX5PYT0
102,B00TX5OVJE
103,B00F8JHFWO
104,B00IBD7JZC
105,B01H1H5O82
106,B01M69GD7J
107,B015AADV5U
108,B015COHYWK
109,B01LWBPRBA
110,B00004YV47
111,B01LTGWVPK
112,B01LWAWVSO
113,B00OLSTPIA
114,B01LW9KGD4
115,B00TX5ORZC
116,B01G0D18ZG
117,B01LW9KS6U
118,B00NQGP4EW
119,B01LW5Q46H
120,B01MFC8Q96
121,B009DSPB5E
122,B00DELED3C
123,B01MTIP4UO
124,B01LTGYYYG
125,B01DVQB7J2
126,B00TX5PVWA
127,B01BYD0TZM
128,B01KVVG1V4
129,B00GUC29L0
130,B00TX5Q2HS
131,B00ORXDFDU
132,B00G4DTR0G
133,B01ID1R4PG
134,B01EGCN3VK
135,B007I782J4
136,B00TX5OZ6S
137,B0096LU8AG
138,B01537RK84
139,B0171WW5S4
140,B01N30UHMS
141,B01957IZ3M
142,B01LZHHRBT
143,B014RMHFAO
144,B01DO2XI2M
145,B016NS6GM8
146,B01J7DKVV8
147,B01LWAWBYG
148,B01DQFCEUY
149,B00U6GXPF0
150,B01LVWRFL6
151,B01M12I75C
152,B00ORXDFN0
153,B00U8KSL3A
154,B0162X8WPS
155,B01LYT6SRC
156,B01FFV2RYA
157,B00G4DTPEE
158,B017WTYERG
159,B01CO38TX0
160,B015COHNEE
161,B00N4NQ8P6
162,B014RHZA7E
163,B01M0QXZVQ
164,B01LWILE89
165,B00V4P5JKQ
166,B01BWVW044
167,B000PH9NNS
168,B00O2BUGTI
169,B0027BKJWE
170,B00IJHGSIO
171,B01LY0BSF6
172,B00U6GXV2C
173,B01LY56P8E
174,B019M0EJO6
175,B01M0QXYIY
176,B01D5ZVO2O
177,B01EHM5NJE
178,B009EDXHJU
179,B01N7WEVJ4
180,B01DUAM7PC
181,B00WIYGXBG
182,B00JFBR42C
183,B01KKCFWOG
184,B01DO6TKZW
185,B010FQYRLQ
186,B01JELELC8
187,B01CJU8FV4
188,B001AX89EK
189,B01LWIL7M4
190,B0085PBKO2
191,B01BYD12VC
192,B00G7FXQYY
193,B014J4YEL8
194,B01BUWP164
195,B014HIA2E4
196,B000SZCEL0
197,B00QN9UU7A
198,B017XOV3NI
199,B009DSHCEC
200,B001GOX4OI
201,B00U6GXO1A
202,B01LY0B6JC
203,B00QLCWLH6
204,B01N8RMK4O
205,B01GVCWNX2
206,B01FK3FGK0
207,B01LVU78L9
208,B00G7G8UPS
209,B01CJU9MJI
210,B01LYNB9Y5
211,B0043232Q0
212,B00J5K1YHY
213,B0171F6DKC
214,B01HL824KC
215,B01LY6NL6F
216,B01LVXZTTA
217,B00U6GY9GY
218,B01M6ZW7Q8
219,B00BUT56RC
220,B01FPJUJ2Y
221,B01BWVXB9C
222,B01DN6MVWW
223,B00UL5J32A
224,B016WEL10K
225,B00NQ1GBEY
226,B01LVVF641
227,B01J8EP67A
228,B00345ITME
229,B01LW9J8ER
230,B011ATP5YK
231,B01CU22RL0
232,B01LVU77R9
233,B00005LJ3D
234,B01BYTUYTM
235,B01CZXW4NK
236,B0154RC99I
237,B015A9LZM2
238,B00ZHICCMO
239,B015FPMZN4
240,B000ZGMRQE
241,B01MSMU1AA
242,B01INSCTKE
243,B001XCWHGY
244,B00V82Z2AW
245,B01GGKM3P2
246,B016N3U2NW
247,B01EL8E7R8
248,B017VXM19G
249,B0185QMZ0S
250,B017XOUVYA
251,B00W5Z4L9O
252,B017XOV4VY
253,B00RLSAW8E
254,B01M0SRDII
255,B00WJE3B38
256,B00QNJT3AK
257,B014X34C44
258,B00RBQYO5I
259,B01CPIGRNI
260,B01DD8LOEQ
261,B01CTVBGH8
262,B0154RBTZI
263,B00A21A58Y
264,B00U8PKN0Y
265,B00ZUC4DTC
266,B01KOXJWGU
267,B00JXQS8CY
268,B01GJZEDVG
269,B01H1H5O9Q
270,B00NLYTNHS
271,B01FK3FHDQ
272,B01LYBHEFZ
273,B01LW703G1
274,B01FXGS8KO
275,B00UL11Y12
276,B016N0T2PY
277,B01FV3YJ16
278,B01IXY3RRC
279,B01C5OIIAW
280,B01DF20J78
281,B00U6GXQNG
282,B00XHXVXQM
283,B00O453K86
284,B01272AT7C
285,B01CSAMQ7O
286,B017H6US8S
287,B017WTYFV6
288,B01BYD0ZRO
289,B0141NXMU6
290,B017UAP35E
291,B01C4BIYZ0
292,B00YHDBFZK
293,B01D5ZVO9C
294,B007VKAJYY
295,B0169MLFVU
296,B00MASAXC0
297,B00W4605GM
298,B00V3RU1FI
299,B0000665L1
300,B000KMZNDW
301,B01C5OIIF2
302,B01CNPU9RI
303,B01G334238
304,B0169SNI3C
305,B01EM0ZN6E
306,B01BYD1AG4
307,B00BW69W3M
308,B00W7VEUL0
309,B01CJU9V62
310,B01BBYQPG6
311,B002R59Q06
312,B00U6GXRTO
313,B00U8PL19Q
314,B00S68TSOW
315,B01NCZSVPL
316,B01N25YFXB
317,B01N14KN69
318,B01MTCO337
319,B015E8U7Y6
320,B00U6GXW8A
321,B00MIVGA94
322,B00U6GY2MA
323,B00U63GOBK
324,B01G1IKV44
325,B01G1KFJ2G
326,B00361FRWQ
327,B01MPXNKHC
328,B01G1KJZHG
329,B01G1K76MC
330,B01G1KN4DW
331,B01G1JZM42
332,B01MQ5VTP0
333,B015QFFSAK
334,B00N9BOSF0
335,B01M69K6SI
336,B006R0Z1EC
337,B00NUBXW06
338,B06XNLN17F
339,B06XJN5TNW
340,B06XFS8F1Z
341,B06XFRBM26
342,B06W5JPTB6
343,B01NCT1H1K
344,B01NCOGEEC
345,B01NAPQP3Y
346,B01NAKUXUO
347,B01N9OML4V
348,B01N980D5J
349,B01N7SVIIY
350,B01N6TXVS9
351,B01N6QRQNF
352,B01N6QE36A
353,B01N6IB3NZ
354,B01N4NXATD
355,B01N4NIQFE
356,B01N2AXVYL
357,B01MYB58KM
358,B01MY9FMGQ
359,B01MY7QIPR
360,B01MDLY4RQ
361,B01M8K4ON7
362,B01M66N29E
363,B01M5BC7HR
364,B01LZTN1JX
365,B01K1I4ESE
366,B01IW7N900
367,B01IN4JETW
368,B01I2ZVOMM
369,B01H46BVQ4
370,B017IOHGTI
371,B013X8XW3C
372,B00U8KSPNG
373,B00U6383QO
374,B00NQHYU0K
375,B01N06XT15
376,B01MRHST75
377,B01MQGBJU5
378,B01LW5PVMU
379,B01LW4H0G9
380,B01LW4GYV2
381,B01LW369MF
382,B01LVZBJXN
383,B01LVXZTT5
384,B01IMIPRFE
385,B01I5KP2YA
386,B01I2ZVNP0
387,B01I2ZVMT2
388,B01GQITYE2
389,B01EBDLLIG
390,B00O2YIY0S
391,B00O2YI1X8
392,B00IJZZIBO
393,B01MG5LAPK
394,B01M4OPYQF
395,B01LWAXD6E
396,B01KRC765W
397,B01KGS26RU
398,B01CU22HRY
399,B01CO6FP8E
400,B017XOQ7I4
401,B015FPM7L4
402,B00ET3WZKC
403,028444765X
404,B01MCU6H8U
405,B01LXG7PA3
406,B01LX8N0FZ
407,B00WIYFBWI
408,B00O2YHA76
409,B001P81VWW
410,B01LW70EWW
411,B01LONANZ8
412,B01J7DKRR6
413,B01FXGSA6Q
414,B019L30AZ6
415,B017VXSS9I
416,B017CKHC74
417,B00E0EPURA
418,B001NOQ9IE
419,B01G3341WA
420,B00GTPQZ0Y
421,B00A2HOHTG
422,B01DCOZ0QO
423,B01C42GJQK
424,B016ODYC6Y
425,B015FPMT6M
426,B014GBV7E6
427,B01486BJUQ
428,B00XKBWEHI
429,B00XAD2IC2
430,B00V3D191M
431,B00QKRVFL0
432,B001MRZYEC
433,B000JKPLBY
434,B01LVVF90V
435,B01LOGWKQA
436,B01L9NM4SM
437,B01KFG5C74
438,B01JPA9ZDS
439,B01JLN8KJY
440,B01I287WN4
441,B01HXZDCMW
442,B01HODKYDI
443,B01HJ5ITH4
444,B01HI8UP9M
445,B01HI8UHNQ
446,B01HHYNPJO
447,B01HGJ628Q
448,B01GNW9Z9K
449,B01GLWHJM2
450,B01DZOAWMI
451,B01DO2NKPC
452,B01DD8LOKU
453,B01D0HT1NG
454,B01D0HSYYI
455,B01CZXZZMM
456,B01CP4OGY4
457,B01CO6HM1W
458,B01CO6HGDG
459,B01CDZYXYI
460,B01C912JII
461,B01C3908A2
462,B01C38W1T4
463,B01BUTA61W
464,B01BNPYFLK
465,B01BLVBL7W
466,B01B7PKJKW
467,B01AUM6WB8
468,B017YNC5QW
469,B017UAMRZI
470,B017TBDVV2
471,B017OTNI4Y
472,B01757AFT6
473,B016YAT0V4
474,B016EY4LL4
475,B016C9XCKW
476,B0161BT26O
477,B015PN6NXY
478,B015OCVR6Y
479,B015G1RUM8
480,B0159B9C8A
481,B014W29GW4
482,B013JRWUVC
483,B010FIBXWK
484,B010FIBXV6
485,B010FIBX0C
486,B00XQ2X9SO
487,B00XHYJ2XW
488,B00XHY7004
489,B00WZ3853Y
490,B00WNBNA74
491,B00W1KY23I
492,B00VXQXEDU
493,B00VX6HC42
494,B00VUJCA0S
495,B00VGOWF5M
496,B00UTYJXB4
497,B00URQMAX2
498,B00UEMF1XK
499,B00U7IY0OW
500,B00U4X03VY
501,B00TYDQHEC
502,B00TYDPGEO
503,B00TYDO8VG
504,B00T0UJDLS
505,B00STGCSAW
506,B00SOWA29U
507,B00S2AIX0Y
508,B00RXX76Q8
509,B00RLSWYRG
510,B00RLSOWY4
511,B00RK8QA9A
512,B00QO0ACWG
513,B00QNVSXRC
514,B00OYSL9TU
515,B00OY4IL9U
516,B00NSRC4Y2
517,B00NPTLX0Y
518,B00NNMUORQ
519,B00NNL3OEW
520,B00NMM5WQK
521,B00NMLP158
522,B00KYW0KRM
523,B00KS7T28G
524,B00KS7R74C
525,B00KS7PHLW
526,B00KS7NGF6
527,B00KS7HLAW
528,B00KS7GOS2
529,B00KS7FQ6S
530,B00KS7EQY6
531,B00KS7DHB4
532,B00KS788WC
533,B00KRC9318
534,B00KRC83Y6
535,B00KRC5HGI
536,B00JWN32PQ
537,B00JTBE886
538,B00JIKJHOI
539,B00ILIYQKI
540,B00E57PIGK
541,B00CP9TJ92
542,B00AJYL416
543,B009YX7IUE
544,B0096E5S4Y
545,B007VOF51M
546,B005YI9TKA
547,B0055BBEZ4
548,B0047N6Z6Y
549,B0046TX6XE
550,B00447TGUA
551,B002ZRQ4RE
552,B001N2SHI6
553,B001CFB17S
554,B000UGMJ7Q
555,B000N2VNKQ
556,B00008AOME
557,B01L9KY3BG
558,B01BTZLNBO
559,B01B1UEMII
560,B017SZB0QW
561,B017M7MCP4
562,B015YTAZTM
563,B015Y0CKKI
564,B0159B9IHA
565,B014LNPB14
566,B014GG9EOQ
567,B0145S2BMM
568,B00H4JR03K
569,B00H4JQ4EG
570,B00H3SBS8U
571,B01BTZFQX0
572,B01N2Z5DIY
573,B01DF2021G
574,B01E1QP8NM
575,B01FLZC9Y8
576,B01DYN5N06
577,B018WFZ1NU
578,B01MXFV5D3
579,B01BTZFPKO
580,B00IKFB4OS
581,B01MU5VUXK
582,B00TX5PCX8
583,B01J0RYDPG
584,B01M5KNDC3
585,B00F8JHGXM
586,B00LGZXTSI
587,B01M36FM03
588,B01N9MJTE6
589,B01J0RYCRA
590,B00F8JHE16
591,B01BU2956Q
592,B01FLZCB28
593,B00TX5O8WE
594,B01L9KX7VI
595,B00TX5PL52
596,B01AO6ONAC
597,B016AAM8M6
598,B01DCHROHO
599,B01DF1ZVIG
600,B01MD2MDDJ
601,B00W1KSH02
602,B01MQEC7EX
603,B015Y5398A
604,B01E1QUFBM
605,B01MU9R2EN
606,B016AAM81M
607,B01N3LZWM3
608,B00TX5OC5W
609,B016AAM51U
610,B013WSM36A
611,B01I092IPC
612,B01LPNTK10
613,B01KMOYXCO
614,B01BU29K5W
615,B01N9MKD8C
616,B01DF1Z67M
617,B015CGW38S
618,B01LPNTW18
619,B00TX5OFL8
620,B01I092Y2E
621,B01L9KWX9U
622,B01DYN5NSS
623,B015Y53D86
624,B01MYZ76JP
625,B01L9KX5RY
626,B013OT0DVO
627,B01540G87O
628,B00N9O8C2M
629,B01GTM1GJQ
630,B01ELJFWLW
631,B01N4PG2ET
632,B013WSMOZA
633,B00TX5QJX0
634,B01N1Q3MR5
635,B01EJ9NOE6
636,B01L34I7HY
637,B00R4TCGLG
638,B00N9O8NPS
639,B01BU29SI6
640,B01KUXKPLK
641,B00WIYFDU8
642,B01I092FLY
643,B0131AFGTA
644,B01BU29V4W
645,B00NGOC16S
646,B00OHW7YKQ
647,B01GTM1GOQ
648,B019P8F3EU
649,B01E610EB8
650,B01L34I7P6
651,B00IKIZI10
652,B00TX5PG3E
653,B00HQDV4ZY
654,B00IN9M4BS
655,B01LYR2I7L
656,B00N9O86V4
657,B01L9KWVLU
658,B00I51EZ7A
659,B01L9KWZTI
660,B014699X9O
661,B00KKM2UZG
662,B01M67SHBG
663,B01N4N3GVO
664,B018XRCXTW
665,B014R5QIZO
666,B00NGOCUFK
667,B00TX5QNTK
668,B01MTB5P23
669,B00F07WTLG
670,B01LYUPXPE
671,B014699X6M
672,B01I0931A8
673,B00BFUS8C6
674,B00TX5OIZG
675,B013OT0AU8
676,B018SBWBD6
677,B00F8JDCBC
678,B00IKFAR5U
679,B013WSML9Y
680,B016AAM8C6
681,B00WIYH4L4
682,B01DF22OSU
683,B01LZ4AIL8
684,B01BU29HWI
685,B01BU29Q0Q
686,B01N326GL3
687,B01MRSLH8F
688,B01N0D4EXT
689,B00I51EJNK
690,B01I5EQWDG
691,B00R8GKUVI
692,B06VY5DHJL
693,B01BU29CB4
694,B01LWX8ZLH
695,B00QJ44P84
696,B01M1DGOXR
697,B00LH0116E
698,B01I1AF744
699,B014466RMK
700,B01MPYYLUT
701,B01IT0YY0E
702,B01L29XI4M
703,B00XJKAIUK
704,B00TX5POX6
705,B00GG0HEIO
706,B01483X0HY
707,B01L9KWIO0
708,B00F8JDD2K
709,B01N7TZT9Y
710,B01L9KXCCM
711,B01LRWRRCS
712,B00F8JHESY
713,B01483WYBW
714,B01LPNZH08
715,B01MFE6AN2
716,B013OT0990
717,B015CSC3NQ
718,B00TX5OOQ4
719,B00NFDB6XE
720,B01L9KWQWO
721,B01LRWXPYM
722,B01NBJC2K5
723,B01N12QH9E
724,B00AXSXDFI
725,B0199T0K4S
726,B00R8GL8OQ
727,B01LTI1KYG
728,B016ZRD1QG
729,B00R8GKSJ2
730,B0142Y6JKE
731,B01M12T693
732,B00NB5XE36
733,B00OLSTJR2
734,B01M04EV2N
735,B01D12FOYA
736,B00FN2HX8C
737,B00KGVBJ8A
738,B019DV8VOS
739,B0189KQ916
740,B01MYXJ4ZG
741,B01L9KWM6E
742,B01MU9A5MM
743,B01MZ8DTIV
744,B01N6WPWJV
745,B01N4062XC
746,B00NGOC988
747,B01M2A4BGK
748,B01H3F0ZZ4
749,B00N9O90BO
750,B00OYXHTBC
751,B01L9KXO70
752,B01L9KWJP8
753,B01CKP3ZL8
754,B01LYSM8HI
755,B01I3A1AG6
756,B01725JZW4
757,B01BTVASIM
758,B01N20N4B1
759,B019U0ML02
760,B01L9KWYD0
761,B00NEEXALK
762,B01MR30MQD
763,B01L9KX3EE
764,B01N12SHTN
765,B00WMPBRM6
766,B00S83Y23C
767,B01CP4A8NM
768,B01L9KXS0S
769,B00XJKB3O0
770,B01LDNJPEE
771,B012TC5FRE
772,B00R5W51SW
773,B00XJKAZRG
774,B01N5V3JNL
775,B01N7RH9TL
776,B01N44NLP3
777,B01M6AKKCY
778,B00OOPZLL0
779,B01M03MJRQ
780,B015QZBC14
781,B01IT0YZ7Q
782,B01I3A16EM
783,B013XCERSC
784,B01EJ98HDY
785,B01M6BNOFN
786,B015CSC3J0
787,B00DELEATO
788,B01L9KWSAO
789,B01725JYM0
790,B005FLITFW
791,B01FMCGS8I
792,B014699X62
793,B01LX60M7M
794,B01L9KWNFY
795,B013WSN738
796,B00F8JHD76
797,B00C1DIGRI
798,B00K5V0OL4
799,B00SSVMK06
800,B0198X311E
801,B0000665KY
802,B00N9O8GAU
803,B01LZTYVOB
804,B00UNSR54S
805,B01BCMKBZI
806,B01ELJFZMI
807,B00FBG3KPU
808,B01N25KVDD
809,B00IKFASC2
810,B01EVP8W1S
811,B01LWD21U8
812,B01L9KXHWM
813,B01N32SAGS
814,B01LPNX0FM
815,B015Y52UU8
816,B01LPO0Y0U
817,B00XJKAWCO
818,B00007148P
819,B00EQ8Y7AG
820,B0077QND2C
821,B00NB5XEXQ
822,B01KO37U2S
823,B0198X32I6
824,B01FMCGRXY
825,B00TX5QRAA
826,B00JWXC7RU
827,B01N2NM8C6
828,B01GTM1GCI
829,B00F8JHAKQ
830,B00CS2ZWKQ
831,B01LZI6TZ3
832,B00R8GL6PC
833,B01M8NAVEP
834,B01EVP8UHY
835,B001TCUGKC
836,B00K5V0PJA
837,B001R4BT44
838,B012YFW1DC
839,B01G4ZHG5G
840,B00N9O8VYG
841,B00HQDV8EG
842,B01L9KWKYI
843,B01LWIQJ3R
844,B01AEKOHUE
845,B00AXSXE7U
846,B01MSNKJ56
847,B01NBOD5PH
848,B01GZ1YE0Y
849,B00KBV1JQW
850,B01MD0528T
851,B002IPGOKU
852,B005UEF6J6
853,B00WU79WVE
854,B01635HU6M
855,B00MX1MQEC
856,B017IKL03A
857,B01L29XWPM
858,B01N6SO38B
859,B014R5Q7VE
860,B01M0QXUDO
861,B01M09P2MA
862,B00ORV2G7S
863,B01L9KWPCK
864,B01BLV6GM2
865,B00UVKHPEI
866,B01N315VH3
867,B00G4DTQLQ
868,B015RIGYGI
869,B011AABZ2K
870,B0171F6D9S
871,B005UEF72M
872,B01M03HBI8
873,B01EI805CW
874,B01EYN4U3G
875,B01ET9PX04
876,B01N51OWWX
877,B01DBDXP40
878,B01MZYP2NS
879,B00TG25VNE
880,B003QTDE0A
881,B01LY6LQFF
882,B00BWV6OZ6
883,B01DNRSG8E
884,B01ELJG62Q
885,B00IRZ7D0K
886,B016AAM9VQ
887,B01N47CJKR
888,B01M4L5WPE
889,B00FG0UCC0
890,B00D06Y8QI
891,B013WSN2L0
892,B005UEF6QY
893,B00AYRKQMG
894,B00F8JHDN0
895,B00GE4EZEI
896,B00NI0E62C
897,B018ZG9OQ6
898,B00K5V0OZK
899,B01MXSH83Z
900,B01LYBXCYU
901,B00C6CZVNQ
902,B06VVCGDBF
903,B01L9KWTHG
904,B0157D109Y
905,B01EY5PTIE
906,B00J2SQRI0
907,B017OHXHWE
908,B06W9HY7LJ
909,B01LYZEBT4
910,B01FWJWIJ4
911,B0173I4XGS
912,B00J4UVDGW
913,B006GJTC2G
914,B00004YV47
915,B01EVP8VBE
916,B01MFCMTHM
917,B01M1E3DN0
918,B00JR6JG1W
919,B00UNSR764
920,B01L9KXLVE
921,B06WP6QWTK
922,B00J4UUHWS
923,B01M03MOTN
924,B00008AOJZ
925,B00R8GL53U
926,B00WSC39LU
927,B0173I64EW
928,B00DMYL0HS
929,B017BN9WRU
930,B01EC6G25E
931,B00TX5SLB8
932,B016E1856E
933,B01L9KXJO8
934,B00ARJVY8G
935,B00NOQZGDS
936,B019FYHB5I
937,B01LWOSMJL
938,B00NB5XGDO
939,B01LM1IHXW
940,B01G461JX0
941,B01LWUAI69
942,B01BWMXTUC
943,B004YRBM1Q
944,B00S16G7DO
945,B0142V2X8E
946,B00E4OBKQ6
947,B01MR6GK2G
948,B000E9QDUS
949,B00O1VNPUQ
950,B017STY59W
951,B016E1830C
952,B017GUFXD0
953,B00G7C06N6
954,B0177XY5AI
955,B00F3J2ITY
956,B00ZRVIOJQ
957,B01I5EQZ3S
958,B01LWIQKIW
959,B01MF8KH71
960,B00NOQZGEM
961,B00KBV1JSK
962,B002PU9OQY
963,B015CSC2Y6
964,B00ET7MYBS
965,B002PLH6DG
966,B01M3OH91X
967,B01MXTO8F8
968,B00HQDV71U
969,B00KL3WF54
970,B01G461JHQ
971,B0129SOJUC
972,B0041RRKSS
973,B00HWBTCGI
974,B01M0SA4OB
975,B00U8733R2
976,B00F652TBM
977,B01M3WI4BS
978,B00NFG50P6
979,B00ANDTGPO
980,B015YEE53E
981,B0099LAU56
982,B015DSCJT8
983,B01GCSQ2Q4
984,B00IGDZUAS
985,B01N2S0F0M
986,B01LSPAJVK
987,B01H3F9NZC
988,B01AO0SW9G
989,B009F1ONZ8
990,B00F8JHFD8
991,B01LYSM54J
992,B00AIQ6HA8
993,B015Y5356Q
994,B01FVZYKE0
995,B003GCAZUO
996,B00OM257SC
997,B01FGVDOX2
998,B01MUC3N2Y
999,B0052ZN9ZQ
1000,B0021B0VUU
1001,B06VSNVXMM
1002,B0193CF118
1003,B01M1DQ3Q8
1004,B01LZMVBHU
1005,B00F8JHBPK
1006,B007ZS68UG
1007,B01N4HZ38X
1008,B01M0AAOOE
1009,B01CSAMXLI
1010,B00HU202JA
1011,B00G7G06XW
1012,B00K5V0Q08
1013,B01MA5FC31
1014,B004343W68
1015,B017WTYBUQ
1016,B00ISUSB3M
1017,B01NCSDJFR
1018,B00GDD9N60
1019,B00DC7CD7G
1020,B00NZUO0Q2
1021,B00J4UVHEA
1022,B00KGVBQPQ
1023,B01J88WGFQ
1024,B01BWWGLBQ
1025,B00U8PK8NG
1026,B00BI2VLQG
1027,B00JMKU3OM
1028,B01HE0RFAQ
1029,B00J67F0YO
1030,B013XCETCQ
1031,B00NW66AUS
1032,B01MZB6ZWE
1033,B00LA2XDI8
1034,B00N9O8JGG
1035,B004Z2NKKG
1036,B00GJO57WM
1037,B01M3WIEE2
1038,B01MDOCQ92
1039,B01FJYFT5C
1040,B00RLJASP0
1041,B016KHNOAY
1042,B01IJLNYXQ
1043,B009ORDCX2
1044,B00EE6P48E
1045,B01M5HV9AL
1046,B01E55KBKO
1047,B01M3WIEE2
1048,B015R3M89A
1049,B00DTV8K54
1050,B013WAW5ZC
1051,B00IGE2G2C
1052,B01CP4ACNI
1053,B01LYN5KBU
1054,B01LWIQJI3
1055,B01CP4A8TG
1056,B01M9K4KDD
1057,B01LW9PSH7
1058,B001ANGMSA
1059,B01BY4Y9LQ
1060,B018GU5YAQ
1061,B01LZMYDYJ
1062,B00ICF986M
1063,B01KOAKVSQ
1064,B00TX24XO0
1065,B01N1G43F8
1066,B01ALBSB3A
1067,B00F8WGFIQ
1068,B01AEKOF8S
1069,B000NLTFO8
1070,B01JIMX9P8
1071,B00E0G3R8W
1072,B015DSCJDY
1073,B00KKM2WT0
1074,B01L9KXLL4
1075,B006W0YTWW
1076,B00KKM2TIO
1077,B0137J3AG6
1078,B0148NYRH6
1079,B00VLSLEMS
1080,B015ELYH1M
1081,B014RPIIPC
1082,B016XRBON0
1083,B0000665KW
1084,B00W53WHFG
1085,B00F8JHCMC
1086,B01M9IORR8
1087,B006W0YTKE
1088,B00I8RXP5O
1089,B017KTGB2E
1090,B00NEEXAF6
1091,B01L9KXFSI
1092,B00QAZN7Z4
1093,B00157WANW
1094,B01M0IQK82
1095,B00AXSXEHA
1096,B01LNM98RY
1097,B00JWXC2CK
1098,B00MBRR7QU
1099,B009W7HMEE
1100,B00VIQMPKI
1101,B01FWKLT0C
1102,B00ZZAJHCW
1103,B00U7LRNVG
1104,B0046HX1T0
1105,B00BN841MQ
1106,B00KO6WE8G
1107,B01N1FAP08
1108,B00BCSXOOS
1109,B01CP4ACVA
1110,B0157D0XK6
1111,B00SM3KOV2
1112,B008PUWS4S
1113,B06WVGT35J
1114,B01CS8I454
1115,B01GZXIHOQ
1116,B000VDBC6M
1117,B0172DR2TO
1118,B01N37V19G
1119,B00M10MM7Q
1120,B01MY0VJ5Y
1121,B00HWBTHKY
1122,B0179IUFK0
1123,B01HP227F6
1124,B013WU20OS
1125,B00YTW2GI4
1126,B01N440QAY
1127,B00BWV6PXW
1128,B01GKMYT7Q
1129,B014VZFYAK
1130,B0046HT9AU
1131,B005CLJ3MS
1132,B005JS9DVK
1133,B0185SMOCK
1134,B01MSY97YK
1135,B01LXKOCX2
1136,B002KCO6KQ
1137,B01EZTSTKO
1138,B01KOJJZ20
1139,B010V44R3U
1140,B00MIVFOT6
1141,B01DOYLAN4
1142,B01FQXFH94
1143,B000EHMNWC
1144,B00IKFATOO
1145,B014UUQM52
1146,B016K2TMK0
1147,B016KC8PBW
1148,B007T42D00
1149,B000GLHTVQ
1150,B01LWQ77RM
1151,B01GSGZJ8W
1152,B01N3D2AOF
1153,B002NSM6XG
1154,B00EZ13J6W
1155,B01J62AXYK
1156,B003UPO562
1157,B000E81U9S
1158,B00P00KYJC
1159,B002KLH7W6
1160,B01M33R1TT
1161,B00UVKHV7O
1162,B009GHTY14
1163,B000OA2TF0
1164,B01FVZYKA4
1165,B01EA1VI6Y
1166,B01MXZ22XL
1167,B007HK71TY
1168,B004FRLIWS
1169,B015CM170C
1170,B01L9KXG2I
1171,B007R3PVXY
1172,B01N48M7SZ
1173,B00FG1J7FC
1174,B01N2KKIVM
1175,B00IJRTPE8
1176,B00UO8JFYU
1177,B0046HYSM4
1178,B003DA5P22
1179,B01FSZFQ46
1180,B00VFNAL3M
1181,B00X9WEPJ8
1182,B0079XDF44
1183,B01IIA3V8Q
1184,B0046YBAJQ
1185,B01HTKGUYI
1186,B00N9BORG0
1187,B00LECWFB0
1188,B00NBZ7FSG
1189,B00X9WFGJ6
1190,B001UHNWPW
1191,B00096ZORY
1192,B004G99QV0
1193,B007TSI8C8
1194,B01LW750IR
1195,B000W88J4Y
1196,B0058HTWJU
1197,B005BN1Z1E
1198,B01E55KCBW
1199,B01LXJ99MH
1200,B00BWV6QJA
1201,B008E986K0
1202,B00DB93SLA
1203,B01MZ2MVG3
1204,B017LHOCV2
1205,B00XJFAXOG
1206,B00RYDONEA
1207,B01N18APQV
1208,B00B5LQCVO
1209,B007UN4DQ2
1210,B0154YH8LA
1211,B00DGJ6E34
1212,B00GD98CU2
1213,B01N7CWOP9
1214,B016N0T2UY
1215,B00005UUZH
1216,B0177X8ZJA
1217,B01N24664Y
1218,B01DDP7YDE
1219,B01EI81S3M
1220,B01BWVLZ04
1221,B01HTARHCM
1222,B01N1FJIJG
1223,B017TLVR36
1224,B00YTW2GA2
1225,B00BEAITWQ
1226,B00008AOL5
1227,B00E4MHY6I
1228,B00ECO8AES
1229,B00CO21YZM
1230,B001V5IX70
1231,B0177UJ54W
1232,B01M1P3LGO
1233,B01B6BS5AS
1234,B00005LEJP
1235,B0142V2W4E
1236,B01LY5VKXI
1237,B000BDETD0
1238,B0002TMZH0
1239,B01LYX971O
1240,B015GKRCC2
1241,B01EFFLLNU
1242,B004JM61A8
1243,B01N682UYM
1244,B01GA4L03K
1245,B004BKMJAY
1246,B00661SIXI
1247,B00GD98JKA
1248,B00MXR67V4
1249,B01IJLNYZO
1250,B01N0OVPAB
1251,B01LXOJZVW
1252,B00TG25UOY
1253,B00XJKPB84
1254,B01EB2QCG8
1255,B0177UR8QE
1256,B01MT5OY68
1257,B007RME0E6
1258,B00OE45OUE
1259,B00ARJVXT6
1260,B004C67AC4
1261,B00P7R9QWE
1262,B00Q3XZYO0
1263,B00004YV4C
1264,B01NBKNIRP
1265,B00TX24XJU
1266,B01MZ93IQ2
1267,B00OKCVZOO
1268,B00CES59A2
1269,B00WPCARKE
1270,B00WXLHR6O
1271,B001FWYXFA
1272,B00F8WGF1S
1273,B00DMYKZY2
1274,B014PJVYAG
1275,B01BYD17WQ
1276,B00BN8428O
1277,B01FAQDEOW
1278,B01ALCMLMG
1279,B00TXQ671S
1280,B00D06Y9JY
1281,B012TACMLS
1282,B009DSQNKQ
1283,B00LJOCGI0
1284,B01FAQDEJW
1285,B00BT5UJ42
1286,B000FCUX7S
1287,B01LPNTSU8
1288,B005XLW7AM
1289,B01H1Q52S0
1290,B019C0ZQWA
1291,B01C3906TA
1292,B000FE5EHU
1293,B01LZEUEYS
1294,B005LAVADU
1295,B015Z2VFZ6
1296,B001AXA056
1297,B00A2PY3P6
1298,B00OZ0ANMQ
1299,B0142Y6JT0
1300,B015CMGGLM
1301,B00VSWKLX0
1302,B00NIV5BJ8
1303,B01N11ED47
1304,B00NFG55YW
1305,B0171KE0I4
1306,B01M0F76FI
1307,B00D06Y90S
1308,B00JRE4FHE
1309,B005908W9W
1310,B00VX6H620
1311,B01LRSWVGE
1312,B01B7C9YJC
1313,B00O2BQ1OW
1314,B0062ZFSCM
1315,B00UVHOVLQ
1316,B01EYN4UEU
1317,B0013TF6HY
1318,B01GCSQ2AK
1319,B00NFWYWI6
1320,B0185ML7B0
1321,284446475
1322,B0000C76SJ
1323,B015R3M88G
1324,B01J63141U
1325,B00IKN5GOO
1326,B00OYN7N90
1327,B00UL11XRW
1328,B00LET5U6K
1329,B001V7RK2M
1330,B00U6GXXI4
1331,B01LNM98UG
1332,B01E55KE38
1333,B01M706FBF
1334,B015ST7ZGY
1335,B00DUFOGPC
1336,B00NHQNKPQ
1337,B000HAEQKS
1338,B00NOZLUFM
1339,B00PCQ1RFY
1340,B001V7RK2C
1341,B0087O7XAQ
1342,B01EYJY01C
1343,B00006CJJZ
1344,B0038JDF2K
1345,B00L8687LE
1346,B003XHGQHI
1347,B01AO6OEZG
1348,B00E4MHY54
1349,B014HKMDDU
1350,B005LVL6HE
1351,B005V7R546
1352,B005KJ6ML2
1353,B01CD48YE4
1354,B015FY23KK
1355,B01AWZI4MI
1356,B00GUB55TO
1357,B016DOKH54
1358,B0089X8VJM
1359,B01EYN4U54
1360,B01LXHX3DO
1361,B00MIVFWD4
1362,B01COVAXNG
1363,B014X3455U
1364,B01LZ7PGB8
1365,B009JY1C28
1366,B000AMPYPO
1367,B00JONOR6W
1368,B01521EEX0
1369,B01AIT34LY
1370,B01MQSLE4Q
1371,B011IP4KKQ
1372,B007VKAN8G
1373,B01BVV6WA8
1374,B00005NUHC
1375,B00OZ06WVW
1376,B009EVP3A8
1377,B00L1H4XW2
1378,B017YDXUQG
1379,B00AI73LAQ
1380,B01N32HOF9
1381,B019M0IPYG
1382,B01ERY7UZC
1383,B000JKNI3W
1384,B00HN4RHAM
1385,B018RVE8AQ
1386,B00EB7Q65Q
1387,B00PP0MA3U
1388,B01DNUDNAM
1389,B0160ICENG
1390,B01IJLNYR2
1391,028416321X
1392,B00BNCLLM0
1393,B01HO3I4FI
1394,B010UJNFQG
1395,B00RW7HD1S
1396,B016P4IES4
1397,B01G8CYIHY
1398,B000NTEQ08
1399,B011IP4L4G
1400,B006T2KTVS
1401,B0186EU1MS
1402,B01KZM8BPS
1403,B00WTOWHAQ
1404,B01HTK9X06
1405,B0087O7UAY
1406,B00HN4RH8Y
1407,B0169OSD8Q
1408,B01M1RPV8T
1409,B014WOKBBC
1410,B01F2HTKA6
1411,B0078L3MJU
1412,B00KJF4S40
1413,B01KSMSTA2
1414,B01N1Z5J1C
1415,B0038JDF34
1416,B002YDZSQM
1417,B00WU79WRS
1418,B01M0GDDV1
1419,B012TAUW88
1420,B00BNAKJ0W
1421,B01FMCGSCY
1422,B01LYBS9M3
1423,B000ACKV2K
1424,B00OXO2FO8
1425,B015ST7ZFK
1426,B01K7GE2AU
1427,B015WNPXU6
1428,B01CO6FZ34
1429,B002CRPH3E
1430,B00MUSIN40
1431,B007A2K9YS
1432,B01GCSQ2BY
1433,B01EC6G1SM
1434,B01EWOUMT8
1435,B00ANBTBXI
1436,B010MFT198
1437,B00KMZ07J2
1438,B0137U3GQE
1439,B011ZF6GQK
1440,B019YDADSM
1441,B01N99C8X6
1442,B00A2XXXKE
1443,B01GZZKDHI
1444,B011IP4KK6
1445,B00F3J4HCA
1446,B0050HJN06
1447,B00NF3HX7M
1448,B01410APKO
1449,B01NAFRT97
1450,B00C3GBRRO
1451,B00CXO7HQQ
1452,B000GLIYJC
1453,B001OD2OAQ
1454,B01FR30WVQ
1455,B00X5HT2UE
1456,B00XP3UCF2
1457,B01MG96NHI
1458,B00PCQ1Q28
1459,B00I0NUSBK
1460,B002VWK69A
1461,B015ZMW3PW
1462,B00UA8JZA8
1463,B00OHVB4RG
1464,B01G8CYYC8
1465,B00PAWZFSA
1466,B004JQPZU6
1467,B01H7LF112
1468,B00KO4OXPU
1469,B01D3RPUJ2
1470,B012A5CFCI
1471,B01LWLI1UG
1472,B01LYSR1KP
1473,B01GS75AYE
1474,B002WGECOA
1475,B01M20V4MI
1476,B001DEJK6M
1477,B01IBK92JK
1478,B00ZQVUVUC
1479,B01N4159VR
1480,B01G8CYI60
1481,B01E5SCKKU
1482,B00BWV6QVI
1483,B01LTGWHOA
1484,B00NWC5W4C
1485,B00PK4IQDO
1486,B01G42LPBA
1487,B00WGM3UFM
1488,B004FN8DRK
1489,B00T1ECWJS
1490,B01486B000
1491,B012CKVZ18
1492,B00UJILMLE
1493,B00GQVANNG
1494,B00SLP2YIC
1495,B00JZ7XWBI
1496,B01G8CYXGA
1497,B01M3S4U7N
1498,B01BK7RBOE
1499,B01E5SCJNI
1500,B00U6GY1FI
1501,B0038N31GQ
1502,B00H4FSD26
1503,B000BYZOPG
1504,B014KHCDQM
1505,B00IQVS386
1506,B002BWBCLG
1507,B01CD491QE
1508,B007HK72J8
1509,B0193J5XIC
1510,B00SFZ1AE2
1511,B009ZCB26A
1512,B005UL5B1M
1513,B00NK332IG
1514,B00RLJAO4U
1515,B00DSR6WMM
1516,B01GS1GBA2
1517,B01G42RNZC
1518,B01GHJKWHI
1519,B016YRCR4E
1520,B00IZCFZZA
1521,B00IRZ7Z4Y
1522,B01M03MJUJ
1523,B000VXLXVG
1524,B003TJO7EY
1525,B014F7H8ZS
1526,B00005Y4BF
1527,B01N7GAL3Z
1528,B01GA4TEIS
1529,B017W1C0T8
1530,B01EALVJPE
1531,B00BNAKJFW
1532,B01GQ3ICHC
1533,B00U6GY82E
1534,B00BJ2Z3G4
1535,B000HDCC9C
1536,B00KHR44X0
1537,B01M4LVJ16
1538,B00JVWYA68
1539,B00NOIGAPE
1540,B00XWFRLTI
1541,B01M8LP1D2
1542,B0085PBFN8
1543,B00JQB3CWC
1544,B0000AL6QU
1545,B00096ZQ6S
1546,B00BBKWZG0
1547,B01HP1537G
1548,B0046SYQG6
1549,B01ALCMLI0
1550,B01C4O8MRC
1551,B01E55KCPI
1552,B01A6WMEWI
1553,B018EGU1JQ
1554,B0116CC7UQ
1555,B00FFDHECO
1556,B016B7INC2
1557,B0171H8XM6
1558,B00FB8IK3A
1559,B00BN840KO
1560,B0000665L0
1561,284445363
1562,B01ALBSB6M
1563,B009ZZ4G0G
1564,B00UVKI9JS
1565,B00FBTZB7W
1566,B00Y2ZP2XO
1567,B00YEOXWX0
1568,B01FXGS9SK
1569,B003IJAE1U
1570,B005OUWE9Q
1571,B00Q9K8IJU
1572,B00IOUCP4C
1573,B01CP4A8RS
1574,B004XBQ9HK
1575,B00P1M0SKE
1576,B019CEFW2K
1577,B005KJ6MDA
1578,B00U8PKHWS
1579,B01DB50WHG
1580,B01JUTTOOO
1581,B00GTSLIZS
1582,B01GRF5AGU
1583,B01CSAMPEI
1584,B01LPNTP1K
1585,B01FMABXS0
1586,B00RJMKHLE
1587,B00MECVOZC
1588,B00OZ4T6VQ
1589,B006M03GR6
1590,B00VLSLJLE
1591,B000EOTT8G
1592,B0043IXE3K
1593,B0058HTWFO
1594,B00535A7G4
1595,B01HO2K4HU
1596,B00ITJSRN6
1597,B00OTAQZ38
1598,B00BMP9T0E
1599,B00ECO87JG
1600,B0042H40P8
1601,B009ES784U
1602,B01EKHFND2
1603,B00YC6A5KS
1604,B018FV5RA8
1605,B01M0FCQ5O
1606,B00UYD9Y3C
1607,B00NR8KMAK
1608,B01LOZFPUE
1609,B01BNPYTSO
1610,B00TEOXUIM
1611,B01B9QSXXY
1612,B009ETBBJM
1613,B002OISPB2
1614,B00SV5U59M
1615,B01LY97DF5
1616,B00KG1HXFS
1617,B01AEKODXU
1618,B00J9QIA1C
1619,B003PK37JI
1620,B00RJMKPNE
1621,B015PK3FQU
1622,B00WU79XW2
1623,B000T78HQS
1624,B00MU3U3ZC
1625,B01BFBO6QQ
1626,B01CSG75DI
1627,B00HZRA8S0
1628,B00N7SF750
1629,B015FRLJAC
1630,B005KPD7SW
1631,B005HNTO5M
1632,B01LZL7WMH
1633,B015PN6AOQ
1634,B002S49CJQ
1635,B012NI1FHS
1636,B00KGX4M3M
1637,B01KVAI6QI
1638,B000FE93GS
1639,B016W62SQO
1640,B00BC1RZXG
1641,B014J3HK88
1642,B00426Z0HG
1643,B01C7A8JM6
1644,B00BT99QMO
1645,B00WUZM5TW
1646,B01BI1EG4A
1647,B002COINI8
1648,B00005KBGU
1649,B00XVIXFYG
1650,B00BJO9VWY
1651,B0151PJWL6
1652,B000WV6VMI
1653,B00VIQN872
1654,B01ALBSB7Q
1655,B00VH6E7FA
1656,B01EAMLRRI
1657,B00VFLQNQI
1658,B01KQEHBU6
1659,B00KBWF0NY
1660,B004YWLD5Q
1661,B004YZF14C
1662,B01DZZZK1K
1663,B00HR1TYBQ
1664,B00NOLWMJY
1665,B00X5HT420
1666,B00JH0AEZK
1667,B00CKVZ598
1668,B01KXIX65E
1669,B01CSAMXPO
1670,B0097CZF5C
1671,B01B6BS5MG
1672,B00BI2VL5M
1673,B000P621E2
1674,B01K7EL9NU
1675,B01FMAC7QC
1676,B00U8PK3AE
1677,B00XNVQXR2
1678,B011IP4LH8
1679,B00F8C885E
1680,B00BL5A29C
1681,B016DOKH9K
1682,B0014Z1GAI
1683,B00T1X8SI8
1684,B00XAA7DE8
1685,B00NFQ3MWE
1686,B00XBO30YK
1687,B011KQ78NO
1688,B016DOKGWS
1689,B017INPXJ4
1690,B01M5GUTWP
1691,B01M32Q9ZH
1692,B01F3TUA2K
1693,B00CJHUKN4
1694,B005BN1Z4Q
1695,B00VFMGN76
1696,B019F88UZ4
1697,B0016Y2KY8
1698,B00DOANTJ2
1699,B0063UENAO
1700,B0013B82UK
1701,B005HSR7K6
1702,B004FN0GQG
1703,B005FIY8NW
1704,B00WU79WYG
1705,B01M1DHX5F
1706,B01LYFNRM5
1707,B01ISXZF6E
1708,B01ISXZF64
1709,B00KO4P61U
1710,B004DENHP4
1711,B01N1KGQQS
1712,B01M03MOTH
1713,B01LWILAGG
1714,B0158TUK3Y
1715,B000JKLHAS
1716,B003FO2RMC
1717,B00QLPCFOW
1718,B00F027380
1719,B004XBQL5K
1720,B00U6GXYWE
1721,B00KG1HXJE
1722,B00DF33HSG
1723,B01KQEHAO8
1724,B01F3TU9T4
1725,B01EFZN1EM
1726,B01EFZN156
1727,B01CD48XWM
1728,B01CD48XUE
1729,B01B7CA1H6
1730,B015XLIWPU
1731,B015CSC3VS
1732,B01537YIY8
1733,B00QLPCFUQ
1734,B00O9VWD2Y
1735,B00DQ6TU24
1736,B001GCAL5U
1737,B000GLHTIY
1738,B01GLW99PM
1739,B00UPCKMNI
1740,B01MU9ASYI
1741,B018O2APCI
1742,B00NXFRKFC
1743,B010X2ZBQ2
1744,B00J9Q9H2S
1745,B00IVGRQS4
1746,B0085WXNTU
1747,B009PJHAS2
1748,B01N21QLGB
1749,B00OQUPJ7E
1750,B01N6PIFSN
1751,B00NC5TEVG
1752,B0084IL4R8
1753,B018AJIHCK
1754,B00IK64XD6
1755,B00LO4F68W
1756,B00IZCKU2S
1757,B01GRF5632
1758,B007C42M08
1759,B06XKFZVW6
1760,B06XJQQW31
1761,B06XJQ8C4W
1762,B06XJP98YS
1763,B06XJNHHV4
1764,B06XJN3FWB
1765,B06XJMX4TZ
1766,B06XJJ3MKP
1767,B06XJG37XY
1768,B06XJFPZXL
1769,B06XJDH4YT
1770,B06XHXKPF5
1771,B06XHBDRP6
1772,B06XHB5FR6
1773,B06XH73MKR
1774,B06XH525P7
1775,B06XH48WNJ
1776,B06XGW88GW
1777,B06XD1GYJB
1778,B06XCZ7BF7
1779,B06XBHYSVP
1780,B06X9MFZND
1781,B06X9CW2QC
1782,B06X43RYQR
1783,B06X3W7P8F
1784,B06X1J2XZB
1785,B06X1F6HYR
1786,B06WW5CBQ2
1787,B06WVP1HQB
1788,B06WGR6BVN
1789,B06WGM8LRZ
1790,B06WD69LVC
1791,B06W5KC88V
1792,B06W2LXSBP
1793,B06VYFSX94
1794,B06VXM9DY3
1795,B01NGU128F
1796,B01NGTFTN1
1797,B01NCUCUGB
1798,B01NCRDHQS
1799,B01NCQWE71
1800,B01NBYN5P2
1801,B01NBU4P2X
1802,B01NBRLEKA
1803,B01NBRF2Y0
1804,B01NBKPGF8
1805,B01NB1FSV2
1806,B01NASSFYL
1807,B01NAS0ANL
1808,B01NAKRM24
1809,B01NAIW4UB
1810,B01N9YC8CJ
1811,B01N9VRATD
1812,B01N9SERXS
1813,B01N7RMQJB
1814,B01N7RMJEJ
1815,B01N7OSHZO
1816,B01N7NQ9Y2
1817,B01N7JYO9X
1818,B01N6WBRNY
1819,B01N6QVOLW
1820,B01N6PM1WU
1821,B01N6I25Y7
1822,B01N5YBWR9
1823,B01N5TSITO
1824,B01N5QAD0T
1825,B01N5LZLB1
1826,B01N5J4L24
1827,B01N5EOIQ2
1828,B01N4WQL6L
1829,B01N4WGN48
1830,B01N4VQHTV
1831,B01N339QQY
1832,B01N21TL0E
1833,B01N21FV6R
1834,B01N21CWAV
1835,B01N1WQ6VK
1836,B01N1UN3W7
1837,B01N1GPAOI
1838,B01N16M7AY
1839,B01N130RGK
1840,B01N0ZLKS9
1841,B01N0XF1JX
1842,B01N0MB3AH
1843,B01MZWJNC7
1844,B01MZ987WN
1845,B01MZ94GIR
1846,B01MZ8DKY5
1847,B01MZ45X32
1848,B01MZ05P97
1849,B01MYBV80J
1850,B01MUSD2ST
1851,B01MUR3YZI
1852,B01MUEYY4T
1853,B01MTZG8V5
1854,B01MTDJ8LE
1855,B01MTC2R5A
1856,B01MSDRPIL
1857,B01MRXW3DX
1858,B01MRD3TWW
1859,B01MRCE1SS
1860,B01MR9973V
1861,B01MR5GPE8
1862,B01MR5EPZF
1863,B01MR0E9KK
1864,B01MQRJ25A
1865,B01MQH2XDX
1866,B01MQDX622
1867,B01MA6G0CN
1868,B01MA0O2ZE
1869,B01M9C9Y6A
1870,B01M8L19F6
1871,B01M6C9CJY
1872,B01M5F90NS
1873,B01M32QJ3T
1874,B01M2ZUEQS
1875,B01M24P62C
1876,B01M0E9J6C
1877,B01M0E6U7M
1878,B01LZQGHSD
1879,B01LNMHDFI
1880,B01LCRKLDK
1881,B01LBG1JE2
1882,B01JXN26XI
1883,B01JLDFLXC
1884,B01J7OEOK6
1885,B01ID2HYN2
1886,B01I2ZVFKS
1887,B01HIICXK6
1888,B01H3QOW8O
1889,B01GQ3YYVK
1890,B01GPXP1FO
1891,B01GLW75LW
1892,B01GLW6GDU
1893,B01FK973GY
1894,B01F7K0BHO
1895,B01DY52ELK
1896,B01DD8LOM8
1897,B01BDVMBTM
1898,B01A3IWWUE
1899,B018ESHX4A
1900,B016ZHG884
1901,B0164UTJMO
1902,B015ZLD5PU
1903,B00UVKH0RA
1904,B00TYOCBHS
1905,B00R7F79I2
1906,B00QYRIOJC
1907,B00PWJNQZ0
1908,B00OTAQZBK
1909,B00N83LLLI
1910,B00JEXWP3Y
1911,B00HI99FQG
1912,B00GIF65IC
1913,B00GHWKAJG
1914,B00FKQEJA6
1915,B00F3J27CC
1916,B009F5U060
1917,B006JYQS52
1918,B006INEPYA
1919,B005LBTPFY
1920,B005G2L7OA
1921,B01N0E61M7
1922,B01N06IDS3
1923,B01N06EK0U
1924,B01MZXYQAY
1925,B01MYNLEMK
1926,B01MYNKCWQ
1927,B01MTSW946
1928,B01MSQCWOT
1929,B01MSLRLYA
1930,B01MRKF30P
1931,B01MRHAPCO
1932,B01MQ68HB5
1933,B01MG849AB
1934,B01MG7XX6V
1935,B01MG7T7D8
1936,B01MFFBDHS
1937,B01MDNLKYY
1938,B01MD18NHT
1939,B01M3TWHBR
1940,B01M32RBGN
1941,B01M2C8TUM
1942,B01M09Z6JI
1943,B01M01MQ4G
1944,B01LX0YLRO
1945,B01LWJ8YUJ
1946,B01LH6UUXC
1947,B01LH6UT42
1948,B01LH6RY7W
1949,B01LH6RY5Y
1950,B01LH6RLZ2
1951,B01LH6QVIU
1952,B01LH6QTMS
1953,B01LH6QL26
1954,B01LDCRZQ0
1955,B01LDCRN4O
1956,B01KVORUJ8
1957,B01GQKC46U
1958,B01GQK9G4I
1959,B01G3VQ0LW
1960,B01FHSF3O2
1961,B01FHSF04U
1962,B01FEUT68C
1963,B01EYQ6W7K
1964,B01EG6PGTS
1965,B01EC6G1QO
1966,B01EALO8NY
1967,B01DW1MKGU
1968,B01CNC2FD2
1969,B01C1ZV5KK
1970,B01BZUROQQ
1971,B01BTTKHJE
1972,B01B5NZCTY
1973,B01878M1U8
1974,B0151R0GBE
1975,B00VZWF3UE
1976,B00RDEZ1ZK
1977,B00QR0ZQRY
1978,B00NHONL7U
1979,B00MYZ30X8
1980,B00I9VCREE
1981,B00HVKLTAC
1982,B00EXMV9C4
1983,B00E5C03TW
1984,B00CKXQJO6
1985,B00564PEWO
1986,B003YC6AZ0
1987,B000W6WAL4
1988,284164399
1989,284164372
1990,B01MDKHBVZ
1991,B01MCZ6JBA
1992,B01MAXST7K
1993,B01LYMUV93
1994,B01LRNPLI4
1995,B01LQ8L666
1996,B01HM8FGWE
1997,B01GXHS4J2
1998,B01GFP8MY4
1999,B01F56AVHU
2000,B01F558J5M
2001,B01DGQ7Y0I
2002,B01D1E9DKE
2003,B01BI1EM1M
2004,B018BW5H38
2005,B00VLSLIZQ
2006,B00UJCNXSK
2007,B00TQQFG0I
2008,B00RJMKH9Q
2009,B00NPY1C64
2010,B00NFCGR98
2011,284446394
2012,284446386
2013,284446378
2014,284446130
2015,284446122
2016,284446114
2017,284445975
2018,284445967
2019,284445827
2020,284445819
2021,284445800
2022,284445762
2023,284445754
2024,284445746
2025,284445495
2026,284445479
2027,284445460
2028,284443476
2029,284165379
2030,284164771
2031,284164380
2032,284164313
2033,284164305
2034,284164119
2035,284163252
2036,284163244
2037,284163163
2038,284162051
2039,284162043
2040,B01MCT6Z8Y
2041,B01MCS600B
2042,B01M9BJZRR
2043,B01M6X4TSY
2044,B01M6W2GX4
2045,B01M4GCYNU
2046,B01M2WD5KJ
2047,B01H0NSLPU
2048,B01GQN8HWC
2049,B010NM3XG2
2050,B00W9QDRTO
2051,B00R1M6JQE
2052,B00G93UJ6C
2053,B00C4S3VNE
2054,B00BM9BVZG
2055,B009VEDHSI
2056,B0052WHSGU
2057,B001P81VWW
2058,B00005Y4BJ
2059,B01M0JSVGR
2060,B01LZ7ST1G
2061,B01LY6EWPD
2062,B01LDIIT8W
2063,B01JVOPGNG
2064,B01FXGSI86
2065,B00GTX3MZM
2066,B00EQ0BHK2
2067,B00EJE1V56
2068,B00CSPT1IC
2069,B0085T6OX0
2070,B0046B8WLS
2071,B01M1DO5ZW
2072,B01M081YEM
2073,B01LZMNEVD
2074,B01LZBXF76
2075,B01LZ8AXY5
2076,B01LYNN48N
2077,B01LDCSM0I
2078,B01KM5EKCQ
2079,B01JGCUU48
2080,B01IP9KUNY
2081,B01I3ZT6BW
2082,B01E4UW45K
2083,B0119SY4DU
2084,B01015JA9U
2085,B00ZD1JLP6
2086,B00OKUEPF2
2087,B00NSGABBG
2088,B00NBZ7FR2
2089,B00MAMMBQW
2090,B00LW3RN6I
2091,B00HZOJNZ2
2092,B00GWMEGOG
2093,B00ECVF8WI
2094,B00CJ8NY18
2095,B00B883YQU
2096,B00AKI7UOG
2097,B00AHZLGG0
2098,B008HQSIK8
2099,B006H97Y16
2100,B005K7ZML0
2101,B01KV594RS
2102,B01JVOPCJO
2103,B01HQ2FVQC
2104,B01G3T7K40
2105,B01DJ54256
2106,B01BIDVL28
2107,B00X6AJWMI
2108,B00U8KSNB0
2109,B00QIVIFXE
2110,B00OBJ9J3A
2111,B00KCEOC76
2112,B00JWX7ZBI
2113,B00IRZ8RKK
2114,B00HAMT8C2
2115,B00GMGZN58
2116,B00F029ODW
2117,B00D7ZMT4A
2118,B00BSL8V42
2119,B003LUEZFM
2120,B002NR7KQ0
2121,B000OIBB2E
2122,B000KZ7YMW
2123,B000FG9Z6Y
2124,B00068XALC
2125,B01M06P8EV
2126,B01ECFI15O
2127,B01BI1EJWY
2128,B01BF704JS
2129,B018ER1888
2130,B0186EU4UM
2131,B017T6WH9Y
2132,B016N0T23Q
2133,B015ZMW6T0
2134,B015SJK6P6
2135,B0158KTSEA
2136,B010125RK4
2137,B00NLPYMXM
2138,B00NBZ7LDA
2139,B00N1R3WFO
2140,B00LW9L3W2
2141,B00KM10ITU
2142,B00KLECC88
2143,B00JR97XO6
2144,B00J3RD8U0
2145,B00I2O1S5M
2146,B00H53G0H2
2147,B00H11R8DS
2148,B00FSBOG0Q
2149,B00DHLP5P4
2150,B00CXSST1O
2151,B00BEEGZBE
2152,B00B9DZQNI
2153,B00AFZH8F0
2154,B009C5VLZM
2155,B004UR0ZKO
2156,B004T4LTNK
2157,B004FEKBG0
2158,B003VYL4QQ
2159,B002Y0B17K
2160,B001E0LPC2
2161,B000Y3IH5S
2162,B000N965NE
2163,B000GSMQH6
2164,B000BYY1RS
2165,B01LW5J9F8
2166,B01LDIIOSC
2167,B01KMNJSRU
2168,B01KC4U0YY
2169,B01K7VWVE4
2170,B01JSXFBIU
2171,B01JLNQ0EG
2172,B01JDYOM6Q
2173,B01I4GINNM
2174,B01I4GILRA
2175,B01I4GIKWG
2176,B01I4GIJC2
2177,B01I2ZVLYI
2178,B01I2ZVCJC
2179,B01I2342I2
2180,B01HYP3OZ6
2181,B01HYH71FI
2182,B01HTKGIMW
2183,B01HTKC4G6
2184,B01HTKA4UE
2185,B01HQLFMXK
2186,B01HJG73MU
2187,B01HFB4UZ2
2188,B01H5OXY8S
2189,B01H57ZED8
2190,B01H37UE76
2191,B01GLWFG0Y
2192,B01GILEHV2
2193,B01GILBQ5W
2194,B01GI01YBO
2195,B01GHJKXYU
2196,B01GHJKW8W
2197,B01GE9HZ1C
2198,B01GA4NII0
2199,B01GA4LONG
2200,B01G6AB83U
2201,B01FSIS9Y2
2202,B01FMACAB4
2203,B01FKAI1TQ
2204,B01FANISFA
2205,B01F8UDVSY
2206,B01F2F5T3A
2207,B01EZTDBU2
2208,B01EU7GH6E
2209,B01DUIQI3G
2210,B01DT4MTCA
2211,B01DT1R824
2212,B01DO2MLL6
2213,B01DO25BG8
2214,B01DNUDMYO
2215,B01D9GSZMQ
2216,B01D1YXBGG
2217,B01CVMURA2
2218,B01CSAMXOA
2219,B01CS8I4F4
2220,B01C7AQFM2
2221,B01C7A8C5K
2222,B01C4O8M90
2223,B01C1ZV9ZG
2224,B01BY6B6BA
2225,B01BRUWS1U
2226,B01BRUK5A6
2227,B01BGMMSO6
2228,B01BD2HDGW
2229,B01B83T058
2230,B01B2WCI68
2231,B01B2G6RV6
2232,B01B1YOMRK
2233,B01B1YOKIQ
2234,B01B1YOIE2
2235,B01B1YOG26
2236,B01B1YOEMS
2237,B01B01MWJE
2238,B01AZSA056
2239,B01AZS9ZCU
2240,B01AZEPWXA
2241,B01ASB48QC
2242,B01AS11BUI
2243,B01ARH3QRE
2244,B01ARH3FHK
2245,B01AEKOJ3E
2246,B01AD69KPG
2247,B01A6ZIK0A
2248,B019XSPXVA
2249,B019XRYANS
2250,B019IRD3M2
2251,B0198JBGWO
2252,B0196U6BES
2253,B0196LSAI2
2254,B0188HX91I
2255,B01878DW0G
2256,B0184B3ZZS
2257,B0183PU3A0
2258,B017XMWWB2
2259,B017RTO2RS
2260,B017M5ATF6
2261,B017C04MDG
2262,B0170S3HT0
2263,B015SJKU66
2264,B015PN6P3C
2265,B015GKS70I
2266,B015GGRVDQ
2267,B015FY1OX2
2268,B015FY15QS
2269,B015DTAGB0
2270,B015DTAGAQ
2271,B015DRJJVK
2272,B0158GW030
2273,B0158G9LN2
2274,B0158G830O
2275,B0154YH8JM
2276,B0153IXBFY
2277,B0153ISE6K
2278,B014W29GW4
2279,B014U372QC
2280,B014PE3M0Q
2281,B013P2KALI
2282,B013K0KS2Q
2283,B013J6I4BS
2284,B012WDFHJG
2285,B012NWI086
2286,B012IUC0NE
2287,B012IQOZ6S
2288,B01200UCKU
2289,B011KRAMWM
2290,B011IP4ZJ2
2291,B011E3OPFC
2292,B011AE20SO
2293,B0117MNVIM
2294,B0116SC8L8
2295,B010W018AS
2296,B010TR2HGI
2297,B010LYKSVU
2298,B010EM8YF6
2299,B00YUKD3IC
2300,B00YTX1C3S
2301,B00YJ5QIP8
2302,B00Y2DA8N0
2303,B00Y1BI0OC
2304,B00XXPY6MC
2305,B00XVMARH0
2306,B00XVMAQZ8
2307,B00XVMAQIA
2308,B00XVMAQF8
2309,B00XVKW2S4
2310,B00XVKW1B2
2311,B00XNAEWYY
2312,B00XJQ48T6
2313,B00XBO34XW
2314,B00XBO2EU6
2315,B00X6AHNI8
2316,B00X5HT3VW
2317,B00WRJ4UNK
2318,B00WI01V08
2319,B00WHEQ43O
2320,B00W7VEUJC
2321,B00W3QO35M
2322,B00V71QV36
2323,B00V4P9E1Q
2324,B00V3RU74I
2325,B00UVKHSR2
2326,B00UPCLELW
2327,B00UP04GBO
2328,B00ULDXY6S
2329,B00UJLAM80
2330,B00UJJAFFC
2331,B00UFWB0FW
2332,B00UFQK82Y
2333,B00U8KSUIG
2334,B00U7QZAZM
2335,B00TU1HQY8
2336,B00TPS0EMC
2337,B00TPNBH1E
2338,B00TFK5HFE
2339,B00T8V0FUC
2340,B00SRFNE8A
2341,B00SLLHRK6
2342,B00SBSDI5W
2343,B00SAHNJHQ
2344,B00S9KECXE
2345,B00RXX1L8C
2346,B00RVATF44
2347,B00RJ2V3SK
2348,B00RD3X8HO
2349,B00RD3WB0E
2350,B00QTKFZUA
2351,B00QKYTZVU
2352,B00QIZCP4K
2353,B00P2G2GKO
2354,B00P298GZU
2355,B00P298GYG
2356,B00P2978WC
2357,B00OZ4T7C4
2358,B00OQ3OZVC
2359,B00OD1MBMC
2360,B00OBSSXCE
2361,B00O9PKF7U
2362,B00O3HP7TA
2363,B00NZRCMVU
2364,B00NYFE6YE
2365,B00NYABR6O
2366,B00NW66ORC
2367,B00NVJPQUG
2368,B00NSGA8IM
2369,B00NOZLZWA
2370,B00NOZLUAC
2371,B00NFSP9XW
2372,B00NFI7ZYS
2373,B00N8MO3ZA
2374,B00MWNWC2W
2375,B00MV55R3C
2376,B00MP46NUK
2377,B00MJ9ELX2
2378,B00MGP1YE8
2379,B00MAM0G8W
2380,B00M56L4JI
2381,B00LYR94SW
2382,B00L5INZHG
2383,B00KYIMJMA
2384,B00KTB0SXY
2385,B00KRC6W62
2386,B00KNERWVS
2387,B00KN01PBK
2388,B00KM10PMA
2389,B00K9Q79FE
2390,B00JWIYDM2
2391,B00JQX3OK0
2392,B00JOCGNBA
2393,B00JKRBCZ6
2394,B00JGL42AI
2395,B00JGL429O
2396,B00J8NEIF8
2397,B00J8NEFTM
2398,B00J3RDIMI
2399,B00J01TB8W
2400,B00IPB5N76
2401,B00IKN5GZI
2402,B00IIHDCAW
2403,B00IFXFRCA
2404,B00IF11ETC
2405,B00I2V5B4E
2406,B00I2KOC0E
2407,B00GY04D3U
2408,B00GXDXTE2
2409,B00GWK8P6I
2410,B00GVW5290
2411,B00GNMEZ0K
2412,B00GIF65G4
2413,B00GGDWJTU
2414,B00GDD9NEW
2415,B00GD97XNY
2416,B00G94TNMW
2417,B00G7GYLZQ
2418,B00G7GRZ3G
2419,B00G7GOUDY
2420,B00FW5G476
2421,B00FW3MCYM
2422,B00FVPVW0Q
2423,B00FVPEF7I
2424,B00FRLAZXO
2425,B00F6X0SK8
2426,B00F6X031C
2427,B00F6TRKWG
2428,B00F3J31C2
2429,B00F0KUZOQ
2430,B00EUSXCD0
2431,B00EC693B0
2432,B00E3I7UBM
2433,B00E3GRZDC
2434,B00E1ILQ2S
2435,B00DZG9Z3O
2436,B00DYVYC1A
2437,B00DSQGXOK
2438,B00DQ6TRF4
2439,B00DPT52G0
2440,B00DNXNQDO
2441,B00DAS0DSI
2442,B00DAS0C48
2443,B00CJALDCS
2444,B00CIF9MJK
2445,B00CGYDEG0
2446,B00C57KY5C
2447,B00C4TP500
2448,B00BTG1T22
2449,B00BTG1T1I
2450,B00BMUBJJ8
2451,B00BLSOZB0
2452,B00BJJVO06
2453,B00BEQV6XE
2454,B00BBDKZ2S
2455,B00B593J08
2456,B00B47CL5U
2457,B00AZ7JUM2
2458,B00AIKC7L2
2459,B00A9USBNO
2460,B00A38K14Y
2461,B008R0XTB2
2462,B008DR3PNG
2463,B008DG4T1Y
2464,B0085ASZ90
2465,B0084Y5VXU
2466,B0083HGBW8
2467,B0082B8P1U
2468,B0080E5G7A
2469,B007TH66UA
2470,B007PZGHX2
2471,B007JXMH52
2472,B007G6MKUY
2473,B0075M03XU
2474,B006SUIHY2
2475,B006FGWVN2
2476,B0069TZEN4
2477,B0068OK5BG
2478,B005T3BBOC
2479,B004I45ILK
2480,B004DR8KOO
2481,B0045FZTVG
2482,B004440GIY
2483,B0042D75TU
2484,B003KJ1BFG
2485,B003IZEB2M
2486,B003CQVN46
2487,B002ZB8L4O
2488,B002YSYDHW
2489,B002VFNGB2
2490,B0020GTPBW
2491,B001WG6UM8
2492,B001KU7NPY
2493,B001GJ0E4G
2494,B001DN5030
2495,B0011SFL0E
2496,B000Y9SH4S
2497,B000KPSD5O
2498,B000G5SI1M
2499,B000FFL3PG
2500,B000EN3PVY
2501,B000COKT0K
2502,B000BW6GRI
2503,B000A6AQFI
2504,B000620IWC
2505,B0002JZMGQ
2506,B0002088KW
2507,B0001YM0CQ
2508,B000185HA4
2509,B00013PRP4
2510,B000122X9I
2511,B000122D4I
2512,B0000665KT
2513,B01NCLO3W8
2514,B01MY4GLS7
2515,B01KOXJNXW
2516,B06W2MVB5D
2517,B06VWWCFSR
2518,B00ZV8RWDY
2519,B00W1KH9TM
2520,B00BJJVQ86
2521,B00B71P0SS
2522,B0064JAHUO
2523,B002NKK6EK
2524,B002NKE4ZW
2525,B001TONDIM
2526,B00006BMO1
2527,B01CT6Q628
2528,B01HFGC9N2
2529,B018WFZ4J6
2530,B00W1KSGFI
2531,B01CT6SOF0
2532,B01CT6SO7I
2533,B01J6DKKG0
2534,B01FLZC8ZI
2535,B01AWKMUOG
2536,B01BCMKEXW
2537,B01GTOMDIC
2538,B01GEVYNT2
2539,B01GTONN2W
2540,B00MTZIO7A
2541,B01BU29N36
2542,B01L9NOCOG
2543,B01ARHKIO8
2544,B0091O6EV0
2545,B00L39C9YW
2546,B00J4UY4GI
2547,B00CS2ZX46
2548,B005SSBE7W
2549,B01LBBN2H4
2550,B01LWP9NLR
2551,B01M19DUL6
2552,B013SR8W3I
2553,B00TX5P9YU
2554,B00GU23TLE
2555,B00VFO3NEK
2556,B00LW9IHRQ
2557,B01M04XWYD
2558,B00AX2OONE
2559,B01L9KXE1Q
2560,B00J4UXW5W
2561,B01ET9PX54
2562,B018SBTJMW
